First team,Second team,Probability First Team Wins
team1,team2,0.545873410155468
team1,team3,0.5075066160337935
team1,team4,0.5094693942277507
team1,team5,0.5221867335455991
team1,team6,0.5203135525366298
team1,team7,0.5513431072002014
team1,team8,0.5612615237594102
team1,team9,0.5308139549017288
team1,team10,0.5026289091495042
team1,team11,0.5305632009332562
team1,team12,0.5907458676311289
team1,team13,0.5225357723188236
team1,team14,0.5063149567416856
team1,team15,0.6030766805015805
team1,team16,0.48670098428483016
team1,team17,0.5532271243016107
team1,team18,0.5843189146731101
team1,team19,0.5284353710757181
team1,team20,0.5083220272536244
team1,team21,0.5567837273350139
team1,team22,0.4603741117169074
team1,team23,0.533768312813441
team1,team24,0.5795068502691753
team1,team25,0.5084992714352496
team1,team26,0.490668834495622
team1,team27,0.5179941014247417
team1,team28,0.6022634047676699
team1,team29,0.473900082315895
team1,team30,0.5273639217108368
team1,team31,0.4746172953195129
team1,team32,0.5760114837954279
team1,team33,0.5145682481732597
team1,team34,0.5022942739479919
team1,team35,0.5720735761184218
team1,team36,0.49809629904895925
team1,team37,0.5785696575932928
team1,team38,0.5243103002182714
team1,team39,0.5735465462669609
team1,team40,0.5503340528886699
team1,team41,0.508058146605603
team1,team42,0.5788655305142303
team1,team43,0.5729399736209778
team1,team44,0.5693160702215918
team1,team45,0.5587844090827698
team1,team46,0.5231937817150385
team1,team47,0.5721152046194428
team1,team48,0.5880751098954741
team1,team49,0.5096495853104955
team1,team50,0.498560799149707
team1,team51,0.5542652552569445
team1,team52,0.5417838172443519
team1,team53,0.4832515315727782
team1,team54,0.6070957597057964
team1,team55,0.5109310113652812
team1,team56,0.5728398188020841
team1,team57,0.5147726859951888
team1,team58,0.5679864689898299
team1,team59,0.47061895841748314
team1,team60,0.5422319380006588
team1,team61,0.5147830424155203
team1,team62,0.5554493575347088
team1,team63,0.533013316466836
team1,team64,0.588762313845842
team1,team65,0.5246566486969368
team1,team66,0.465032468671262
team1,team67,0.5847397597278067
team1,team68,0.5269972547404124
team2,team3,0.4615802859377508
team2,team4,0.463532619313563
team2,team5,0.4762164977913131
team2,team6,0.47434451392458843
team2,team7,0.505521717886985
team2,team8,0.5155630595126133
team2,team9,0.4848549119228638
team2,team10,0.4567346282931195
team2,team11,0.48460344453896187
team2,team12,0.5456322940195434
team2,team13,0.47656545632011155
team2,team14,0.46039565487693207
team2,team15,0.5583060663505338
team2,team16,0.4409716201879919
team2,team17,0.5074262450849094
team2,team18,0.539049680575177
team2,team19,0.4824704970616611
team2,team20,0.46239118697097925
team2,team21,0.5110251936651772
team2,team22,0.4151178877607534
team2,team23,0.48781942854046734
team2,team24,0.534131382907073
team2,team25,0.46256748293894057
team2,team26,0.44488978457618344
team2,team27,0.4720283343346258
team2,team28,0.5574683704491455
team2,team29,0.42836972166286835
team2,team30,0.4813971044520514
team2,team31,0.4290742265562787
team2,team32,0.5305643740334327
team2,team33,0.468610929353835
team2,team34,0.45640250991714293
team2,team35,0.5265513081516361
team2,team36,0.4522395724236383
team2,team37,0.5331745256528047
team2,team38,0.4783402706563941
team2,team39,0.5280517029179291
team2,team40,0.5045022251887508
team2,team41,0.4621287392974838
team2,team42,0.5334765706358656
team2,team43,0.5274337371885605
team2,team44,0.5237446699016592
team2,team45,0.513051782834269
team2,team46,0.47722343652234994
team2,team47,0.5265937004300717
team2,team48,0.5428949343203784
team2,team49,0.4637119221221146
team2,team50,0.45269988020870455
team2,team51,0.508476245872401
team2,team52,0.4958788096556866
team2,team53,0.43756998368124983
team2,team54,0.5624495704676011
team2,team55,0.46498737389725314
team2,team56,0.5273317146011547
team2,team57,0.4688147421504059
team2,team58,0.522392405995977
team2,team59,0.4251490870700843
team2,team60,0.4963300886301728
team2,team61,0.4688250673162151
team2,team62,0.5096743803731673
team2,team63,0.4870615284974585
team2,team64,0.5435990148012538
team2,team65,0.47868681046313866
team2,team66,0.4196744529002055
team2,team67,0.5394802359339909
team2,team68,0.4810298698885084
team3,team4,0.501963336434169
team3,team5,0.5146899037664427
team3,team6,0.5128147527864179
team3,team7,0.5439041761258889
team3,team8,0.5538539703239399
team3,team9,0.5233289235838247
team3,team10,0.49512190805451656
team3,team11,0.5230777634750851
team3,team12,0.5834666797315932
team3,team13,0.5150393329438252
team3,team14,0.49880811470758235
team3,team15,0.5958667748441905
team3,team16,0.4792026730899147
team3,team17,0.5457936967769851
team3,team18,0.5770072655470062
team3,team19,0.5209466395687052
team3,team20,0.5008156150265723
team3,team21,0.5493612729899877
team3,team22,0.4529235084843832
team3,team23,0.5262883516706885
team3,team24,0.5721725324140117
team3,team25,0.5009929087948278
team3,team26,0.4831669347821311
team3,team27,0.5104931548345417
team3,team28,0.5950486459096999
team3,team29,0.4664197827035696
team3,team30,0.5198736346862946
team3,team31,0.467135726885851
team3,team32,0.5686615779323176
team3,team33,0.5070647224820836
team3,team34,0.4947872988167683
team3,team35,0.56470699343698
team3,team36,0.49059022089139165
team3,team37,0.5712310877339333
team3,team38,0.5168159590334199
team3,team39,0.5661860918080872
team3,team40,0.5428922622312631
team3,team41,0.5005516640511468
team3,team42,0.5715282972810781
team3,team43,0.5655769796649974
team3,team44,0.5619383675339129
team3,team45,0.5513684629039111
team3,team46,0.5156980982647255
team3,team47,0.5647487933309514
team3,team48,0.580782128997893
team3,team49,0.5021435903668496
team3,team50,0.49105456968474737
team3,team51,0.5468349518004632
team3,team52,0.5343202601052417
team3,team53,0.47575710722397985
team3,team54,0.5999104263281039
team3,team55,0.5034255196542493
team3,team56,0.5654764076735399
team3,team57,0.5072692944134127
team3,team58,0.5606035686734341
team3,team59,0.4631448563154539
team3,team60,0.5347694122160941
team3,team61,0.5072796576943316
team3,team62,0.5480226968008877
team3,team63,0.5255320096289817
team3,team64,0.5814728407289683
team3,team65,0.5171627391310031
team3,team66,0.4575704016504891
team3,team67,0.5774301597300735
team3,team68,0.5195064512621925
team4,team5,0.512728035700752
team4,team6,0.5108525085344277
team4,team7,0.5419553056576735
team4,team8,0.5519125894810126
team4,team9,0.5213695022583563
team4,team10,0.49315883370093094
team4,team11,0.5211182544638411
team4,team12,0.5815568031860117
team4,team13,0.513077541086019
team4,team14,0.49684480780691864
team4,team15,0.593974189220919
team4,team16,0.4772430535159239
team4,team17,0.5438461288898417
team4,team18,0.5750893404938556
team4,team19,0.5189864264245153
team4,team20,0.4988522712408485
team4,team21,0.5474163175455022
team4,team22,0.4509782957646759
team4,team23,0.5243300382097562
team4,team24,0.5702490128287624
team4,team25,0.4990295647935387
team4,team26,0.4812060828263996
team4,team27,0.5085305213696967
team4,team28,0.5931548448981525
team4,team29,0.46446581723947766
team4,team30,0.5179130940297539
team4,team31,0.46518137694676004
team4,team32,0.5667342261351306
team4,team33,0.5051016690972305
team4,team34,0.49282425613706354
team4,team35,0.5627755574312764
team4,team36,0.48862772484843947
team4,team37,0.5693065215314151
team4,team38,0.5148545843185348
team4,team39,0.5642561545832904
team4,team40,0.5409427172598852
team4,team41,0.49858832150100996
team4,team42,0.5696040599843661
team4,team43,0.5636464210545287
team4,team44,0.5600042185566252
team4,team45,0.5494250652477992
team4,team46,0.5137364552963851
team4,team47,0.562817399208839
team4,team48,0.5788688277358103
team4,team49,0.5001802569671906
team4,team50,0.4890919995545937
team4,team51,0.5448881257158014
team4,team52,0.5323656471473226
team4,team53,0.4737987591868946
team4,team54,0.5980240025769277
team4,team55,0.5014622225564846
team4,team56,0.5635457470259552
team4,team57,0.5053062609045642
team4,team58,0.558668154806488
team4,team59,0.4611927521030871
team4,team60,0.5328150361314925
team4,team61,0.5053166252098645
team4,team62,0.5460767376941783
team4,team63,0.5235733999372848
team4,team64,0.5795604097807726
team4,team65,0.5152014516233387
team4,team66,0.45562185264986016
team4,team67,0.5755127415228617
team4,team68,0.5175458026854309
team5,team6,0.4981234359861493
team5,team7,0.5292898340533393
team5,team8,0.5392883922611644
team5,team9,0.5086508784291591
team5,team10,0.4804376115494721
team5,team11,0.5083992494310267
team5,team12,0.5691157520958862
team5,team13,0.5003497382429615
team5,team14,0.48411932313991257
team5,team15,0.5816367385642175
team5,team16,0.46455608331104753
team5,team17,0.531187713533719
team5,team18,0.5626006244278263
team5,team19,0.5062644461858535
team5,team20,0.4861250462998516
team5,team21,0.5347722243006562
team5,team22,0.43840399138263014
team5,team23,0.5116163916680764
team5,team24,0.557727440923733
team5,team25,0.4863022058588227
team5,team26,0.4685081797147225
team5,team27,0.4958006618664851
team5,team28,0.5808100681392055
team5,team29,0.451824936077193
team5,team30,0.5051897913876154
team5,team31,0.45253747761846386
team5,team32,0.5541903064686421
team5,team33,0.4923716520329827
team5,team34,0.48010348927824054
team5,team35,0.5502079883765335
team5,team36,0.47591363483750115
team5,team37,0.5567788324119222
team5,team38,0.5021281580984615
team5,team39,0.5516972421980004
team5,team40,0.5282736173906137
team5,team41,0.4858613019707868
team5,team42,0.5570782921618803
team5,team43,0.5510839164341077
team5,team44,0.5474210514814591
team5,team45,0.536789604552671
team5,team46,0.5010091253298279
team5,team47,0.5502500716994454
team5,team48,0.5664074432221854
team5,team49,0.48745210611104794
team5,team50,0.4763770828332453
team5,team51,0.5322337554495532
team5,team52,0.5196700237993085
team5,team53,0.46112258445446447
team5,team54,0.5857237810078435
team5,team55,0.4887333481111443
team5,team56,0.5509826529606944
team5,team57,0.4925762196464401
team5,team58,0.546077749725935
team5,team59,0.44856633698392206
team5,team60,0.5201206156174115
team5,team61,0.4925865828395588
team5,team62,0.5334271175134736
team5,team63,0.510858396182897
team5,team64,0.5671041856868836
team5,team65,0.5024753316770121
team5,team66,0.4430225510323961
team5,team67,0.5630270141536728
team5,team68,0.5048220745168989
team6,team7,0.5311595474227522
team6,team8,0.5411528199490527
team6,team9,0.5105267588804628
team6,team10,0.48231157819021503
team6,team11,0.5102751656273639
team6,team12,0.5709555043562794
team6,team13,0.5022262964122837
team6,team14,0.4859942176025001
team6,team15,0.5834621581140796
team6,team16,0.46642371431667906
team6,team17,0.5330565389138446
team6,team18,0.5644469050783913
team6,team19,0.5081406274067498
team6,team20,0.488000360563792
team6,team21,0.5366392251389608
team6,team22,0.44025293101574464
team6,team23,0.5134917792580006
team6,team24,0.5595781886983919
team6,team25,0.48817755429885296
team6,team26,0.4703777414512366
team6,team27,0.4976771526611511
team6,team28,0.5826365064131283
team6,team29,0.45368475183197426
team6,team30,0.5070660801359336
team6,team31,0.45439779512421363
team6,team32,0.55604407364112
team6,team33,0.4942478866789086
team6,team34,0.4819773616416173
team6,team35,0.5520649304709042
team6,team36,0.4777861826281722
team6,team37,0.5586304083536002
team6,team38,0.5040046581399024
team6,team39,0.5535530248139816
team6,team40,0.530143784018972
team6,team41,0.4877365644823194
team6,team42,0.558929608122434
team6,team43,0.552940180590924
team6,team44,0.5492800740284968
team6,team45,0.5386554937671871
team6,team46,0.5028856674854598
team6,team47,0.5521069814859008
team6,team48,0.5682499865783571
team6,team49,0.4893276649221562
team6,team50,0.4782497901071635
team6,team51,0.5341020683035367
team6,team52,0.5215434069671392
team6,team53,0.4629883475859364
team6,team54,0.5875440135436351
team6,team55,0.49060911793458684
team6,team56,0.5528389960800318
team6,team57,0.4944524745255641
team6,team58,0.5479377334493849
team6,team59,0.45042376088871444
team6,team60,0.5219938578880664
team6,team61,0.49446283872695496
team6,team62,0.5352948256142778
team6,team63,0.5127339223069227
team6,team64,0.5689460215069553
team6,team65,0.5043518148320832
team6,team66,0.4448755390131874
team6,team67,0.5648728870053562
team6,team68,0.5066983960774402
team7,team8,0.5100447944161928
team7,team9,0.47934010492810425
team7,team10,0.4512594866801782
team7,team11,0.4790888377382585
team7,team12,0.5401510433499748
team7,team13,0.4710587183176998
team7,team14,0.4549133758869408
team7,team15,0.552852411725267
team7,team16,0.43553395005818946
team7,team17,0.5019048396345239
team7,team18,0.5335569050247797
team7,team19,0.47695770050508424
team7,team20,0.45690526619963473
team7,team21,0.5055048162672107
team7,team22,0.40976534003752274
team7,team23,0.48230247183217817
team7,team24,0.5286312488436423
team7,team25,0.45708124886748713
team7,team26,0.4394417788977046
team7,team27,0.4665272961045765
team7,team28,0.5520126720656107
team7,team29,0.42296987227487487
team7,team30,0.4758852948094534
team7,team31,0.4236720785296149
team7,team32,0.5250595731476565
team7,team33,0.46311478348476515
team7,team34,0.45092804499394795
team7,team35,0.5210419299958663
team7,team36,0.4467740014943365
team7,team37,0.527673084429386
team7,team38,0.47283155003795385
team7,team39,0.52254395268598
team7,team40,0.49898040591325893
team7,team41,0.4566432874652659
team7,team42,0.5279755376576367
team7,team43,0.5219253044010587
team7,team44,0.5182325139741089
team7,team45,0.507532236288019
team7,team46,0.4717159472966704
team7,team47,0.5210843669023659
team7,team48,0.5374086579534918
team7,team49,0.4582236875366023
team7,team50,0.44723328832119963
team7,team51,0.5029550812172636
team7,team52,0.4903579694268379
team7,team53,0.4321418343163101
team7,team54,0.5570064825135936
team7,team55,0.459496977782107
team7,team56,0.5218231707528228
team7,team57,0.46331829006708525
team7,team58,0.5168790361122038
team7,team59,0.41976002371721965
team7,team60,0.4908091157274169
team7,team61,0.4633285997687936
team7,team62,0.5041535500034416
team7,team63,0.4815450844782909
team7,team64,0.5381139993936929
team7,team65,0.4731777189417891
team7,team66,0.41430477035144647
team7,team67,0.5339881555452934
team7,team68,0.47551840956334723
team8,team9,0.4693207772609123
team8,team10,0.44132958968170294
team8,team11,0.4690700304753437
team8,team12,0.5301548958945259
team8,team13,0.4610592056939853
team8,team14,0.44496827383550436
team8,team15,0.5428987155818339
team8,team16,0.42568165449093864
team8,team17,0.49185942218010237
team8,team18,0.5235438545251025
team8,team19,0.46694351046935706
team8,team20,0.4469523244154258
team8,team21,0.4954590174810871
team8,team22,0.40008280086569936
team8,team23,0.4722773901911493
team8,team24,0.5186078605386898
team8,team25,0.4471276296882643
team8,team26,0.42956835731239246
team8,team27,0.45654095001315487
team8,team28,0.5420557669010126
team8,team29,0.41319374384539254
team8,team30,0.465873565803317
team8,team31,0.41389136149335515
team8,team32,0.5150299119446201
team8,team33,0.4531394372504794
team8,team34,0.4409995799830046
team8,team35,0.5110064409470364
team8,team36,0.43686422777904405
team8,team37,0.517647912405378
team8,team38,0.4628273335266978
team8,team39,0.5125104902403235
team8,team40,0.48893606474723816
team8,team41,0.44669135867765597
team8,team42,0.5179509206883849
team8,team43,0.5118909852377354
team8,team44,0.508193722011696
team8,team45,0.49748668124340023
team8,team46,0.4617146614869065
team8,team47,0.5110489326173244
team8,team48,0.5274050546804586
team8,team49,0.4482657310505686
team8,team50,0.4373213802934778
team8,team51,0.4929094449200859
team8,team52,0.4803207989074952
team8,team53,0.42230886364095294
team8,team54,0.5470694995429494
team8,team55,0.4495343101257116
team8,team56,0.5117887131171205
team8,team57,0.45334226173573483
team8,team58,0.5068388797270666
team8,team59,0.4100053698524096
team8,team60,0.48077142208224366
team8,team61,0.45335253697035416
team8,team62,0.4941077722556123
team8,team63,0.4715214070336032
team8,team64,0.528112255781074
team8,team65,0.46317261329698267
team8,team66,0.4045884933863746
team8,team67,0.5239761032827215
team8,team68,0.4655075436577569
team9,team10,0.4718058185336219
team9,team11,0.49974829784626174
team9,team12,0.5606098310403804
team9,team13,0.49169875935075946
team9,team14,0.47548191806414847
team9,team15,0.5731926232942663
team9,team16,0.45595922019618956
team9,team17,0.5225611832344238
team9,team18,0.5540668657278788
team9,team19,0.4976130503332003
team9,team20,0.4774849778315586
team9,team21,0.5261528140132588
team9,team22,0.42990252140611784
team9,team23,0.5029667057596044
team9,team24,0.5491747926980223
team9,team25,0.4776619154987114
team9,team26,0.45990099827588615
team9,team27,0.4871516504548282
team9,team28,0.5723615351609578
team9,team29,0.44326863034379543
team9,team30,0.49653829128743665
team9,team31,0.4439786070469283
team9,team32,0.5456249828673332
team9,team33,0.4837250696588341
team9,team34,0.47147225189502917
team9,team35,0.5416294357974105
team9,team36,0.4672900192897534
team9,team37,0.5482226993918453
team9,team38,0.49347679928939975
team9,team39,0.543123507680369
team9,team40,0.5196419559933344
team9,team41,0.47722156785837355
team9,team42,0.5485232524679795
team9,team43,0.5425081789904397
team9,team44,0.5388338969532064
team9,team45,0.5281745937784508
team9,team46,0.49235798004681747
team9,team47,0.5416716531511517
team9,team48,0.5578895910715417
team9,team49,0.47881042821977104
team9,team50,0.4677525646166834
team9,team51,0.523609210762382
team9,team52,0.511026650681309
team9,team53,0.4525355597081509
team9,team54,0.5773022075206194
team9,team55,0.48009023181855365
team9,team56,0.5424065873394567
team9,team57,0.4839294695579323
team9,team58,0.5374866419496804
team9,team59,0.4400222061603819
team9,team60,0.5114777284878284
team9,team61,0.4839398243317993
team9,team62,0.5248049308416387
team9,team63,0.5022083475152768
team9,team64,0.5585893541172902
team9,team65,0.4938239242350109
team9,team66,0.434500812107935
team9,team67,0.554494986901274
team9,team68,0.49617055710413444
team10,team11,0.5279432725144194
team10,team12,0.5882011244546262
team10,team13,0.5199115817759895
team10,team14,0.5036862923833401
team10,team15,0.6005567665321261
team10,team16,0.4840743023061875
team10,team17,0.5506265516986195
team10,team18,0.5817625016409664
team10,team19,0.5258141807800364
team10,team20,0.5056936163605407
team10,team21,0.5541871742706886
team10,team22,0.45776280244611817
team10,team23,0.5311504650478572
team10,team24,0.5769422698696465
team10,team25,0.5058708869977372
team10,team26,0.48804109879112095
team10,team27,0.5153681002184239
team10,team28,0.599741754390108
team10,team29,0.47127905583773155
team10,team30,0.524742132086499
team10,team31,0.47199586090314927
team10,team32,0.5734412769298908
team10,team33,0.5119411683439189
team10,team34,0.4996653567249672
team10,team35,0.5694973389697913
team10,team36,0.4954674806342714
team10,team37,0.5760035433288052
team10,team38,0.5216869350796076
team10,team39,0.570972526471243
team10,team40,0.5477304071863597
team10,team41,0.5054296975498898
team10,team42,0.5762998984926053
team10,team43,0.5703650351751214
team10,team44,0.5667358049741703
team10,team45,0.5561902342346794
team10,team46,0.520569889507689
team10,team47,0.5695390295087757
team10,team48,0.5855254114612862
team10,team49,0.5070213886320557
team10,team50,0.49593195156650793
team10,team51,0.5516658283704627
team10,team52,0.5391721196754574
team10,team53,0.480626034581709
team10,team54,0.604584631686244
team10,team55,0.5083030566234334
team10,team56,0.5702647294184554
team10,team57,0.5121456636040503
team10,team58,0.5654043187613957
team10,team59,0.46799993601914336
team10,team60,0.5396206242005023
team10,team61,0.5121560229574911
team10,team62,0.5528512651806704
team10,team63,0.530394959110938
team10,team64,0.5862138760588869
team10,team65,0.5220334523888431
team10,team66,0.4624173788714871
team10,team67,0.5821840842008901
team10,team68,0.5243752655659754
team11,team12,0.5608578194978259
team11,team13,0.49195039422781967
team11,team14,0.47573302118712363
team11,team15,0.5734389136636848
team11,team16,0.4562089806282552
team11,team17,0.5228123672099483
team11,team18,0.5543156112120703
team11,team19,0.49786474735549613
team11,team20,0.4777361753018323
team11,team21,0.5264038209311974
team11,team22,0.4301492938640591
team11,team23,0.5032183983002928
team11,team24,0.5494240478866758
team11,team25,0.4779131209146535
team11,team26,0.460151091648684
team11,team27,0.4874031896583818
team11,team28,0.5726079475195321
team11,team29,0.44351710632841507
team11,team30,0.4967899822533701
team11,team31,0.44422716345534763
team11,team32,0.5458745777436342
team11,team33,0.48397650925581787
team11,team34,0.47172314188134173
team11,team35,0.5418793826658349
team11,team36,0.46754065246984966
team11,team37,0.548472048177758
team11,team38,0.49372846025408157
team11,team39,0.5433733266892192
team11,team40,0.5198932647440258
team11,team41,0.47747275338301226
team11,team42,0.5487725719046035
team11,team43,0.542758051202171
team11,team44,0.5390840709861336
team11,team45,0.5284254896027059
team11,team46,0.4926096253386323
team11,team47,0.5419215964684054
team11,team48,0.5581379047308141
team11,team49,0.47906168367874746
team11,team50,0.4680032279313588
team11,team51,0.5238603457567327
team11,team52,0.5112782276272442
team11,team53,0.4527850055702724
team11,team54,0.5775478742374185
team11,team55,0.4803415399120482
team11,team56,0.5426564682617405
team11,team57,0.4841809157597023
team11,team58,0.5377369198413425
team11,team59,0.440270301467015
team11,team60,0.5117292950992879
team11,team61,0.4841912708659246
team11,team62,0.5250560072512104
team11,team63,0.5024600441993937
team11,team64,0.5588375855438539
team11,team65,0.49407558955001674
team11,team66,0.43474821122289364
team11,team67,0.5547436854867444
team11,team68,0.4964222454637824
team12,team13,0.4312273365397852
team12,team14,0.41537510982893583
team12,team15,0.5128101046155672
team12,team16,0.3964549619847041
team12,team17,0.4617420922266548
team12,team18,0.4933701307969936
team12,team19,0.4370396538447517
team12,team20,0.41732642272491366
team12,team21,0.46532311520592684
team12,team22,0.37147686209583763
team12,team23,0.44231538528278896
team12,team24,0.48842698934127743
team12,team25,0.41749888000783253
team12,team26,0.40026078943919985
team12,team27,0.42676992707715344
team12,team28,0.5119615489430102
team12,team29,0.3842508038984466
team12,team30,0.4359821874728225
team12,team31,0.38493161055188274
team12,team32,0.4848475461404302
team12,team33,0.42341740925348803
team12,team34,0.4114746838925079
team12,team35,0.4808260899166684
team12,team36,0.4074144091700887
team12,team37,0.487466336303418
team12,team38,0.43297297018104786
team12,team39,0.48232892852004744
team12,team40,0.4588361031952463
team12,team41,0.41706971003076865
team12,team42,0.4877695430099369
team12,team43,0.481709856051518
team12,team44,0.47801709990399016
team12,team45,0.467341685895169
team12,team46,0.4318743671480895
team12,team47,0.48086853988821265
team12,team48,0.4972410388016387
team12,team49,0.418618668174098
team12,team50,0.4078630644175511
team12,team51,0.4627863763419271
team12,team52,0.4502839139393379
team12,team53,0.3931552179469318
team12,team54,0.5170111847080213
team12,team55,0.41986719467698325
team12,team56,0.4816076642468931
team12,team57,0.42361723558589565
team12,team58,0.47666473450611685
team12,team59,0.3811407052489589
team12,team60,0.45073079836865415
team12,team61,0.42362735919068517
team12,team62,0.46397847750755794
team12,team63,0.44156723213900156
team12,team64,0.49795040995505907
team12,team65,0.4333139438026619
team12,team66,0.375862236471236
team12,team67,0.49380328656983336
team12,team68,0.4356204964807312
team13,team14,0.4837699454690375
team13,team15,0.5812962848413502
team13,team16,0.4642081197860101
team13,team17,0.5308393208147819
team13,team18,0.5622563383042104
team13,team19,0.5059147597778688
team13,team20,0.48577558415860117
team13,team21,0.5344241606108849
team13,team22,0.4380595905397538
team13,team23,0.5112668365200601
team13,team24,0.5573823367620914
team13,team25,0.4859527367975232
team13,team26,0.4681598442081509
team13,team27,0.49545095034771897
team13,team28,0.5804694269235143
team13,team29,0.45147846792584706
team13,team30,0.5048400882850215
team13,team31,0.4521909137954027
team13,team32,0.5538446501719333
team13,team33,0.49202199892885573
team13,team34,0.4797543145594132
team13,team35,0.5498617523539764
team13,team36,0.475564719958213
team13,team37,0.5564335767396735
team13,team38,0.5017784251502151
team13,team39,0.5513512177783559
team13,team40,0.5279249836774073
team13,team41,0.4855118502943515
team13,team42,0.5567330840469685
team13,team43,0.5507378041174128
team13,team44,0.5470744361481604
team13,team45,0.5364417418541636
team13,team46,0.5006593880177369
team13,team47,0.549903841571145
team13,team48,0.56606384236898
team13,team49,0.4871025942680304
team13,team50,0.4760281367968414
team13,team51,0.5318854550336127
team13,team52,0.5193208172157417
team13,team53,0.4607749795692059
team13,team54,0.5853842823501281
team13,team55,0.48838379295721757
team13,team56,0.550636526232963
team13,team57,0.4922265621346698
team13,team58,0.5457309593282753
team13,team59,0.448220324458232
team13,team60,0.5197714338967184
team13,team61,0.49223692510761763
team13,team62,0.5330789261391903
team13,team63,0.5105088175729267
team13,team64,0.5667607146460653
team13,team65,0.5021256007947354
team13,team66,0.44267738190490563
team13,team67,0.5626828027680629
team13,team68,0.504472366443875
team14,team15,0.5970143198585344
team14,team16,0.4803926142686211
team14,team17,0.5469753262595254
team14,team18,0.578170451706493
team14,team19,0.5221363142409788
team14,team20,0.5020074925128992
team14,team21,0.5505412643105878
team14,team22,0.4541050931646918
team14,team23,0.5274767932746547
team14,team24,0.5733391827556237
team14,team25,0.5021847837450613
team14,team26,0.4843575647326491
team14,team27,0.5116844555939846
team14,team28,0.5961969397192926
team14,team29,0.46760648195349835
team14,team30,0.5210635242440909
team14,team31,0.4683226489146707
team14,team32,0.5698306043928923
team14,team33,0.5082563296901275
team14,team34,0.49597908418232095
team14,team35,0.5658785556393221
team14,team36,0.4917817375001497
team14,team37,0.5723983867410318
team14,team38,0.5180064007386994
team14,team39,0.5673567230288898
team14,team40,0.5440751345718191
team14,team41,0.5017435447579005
team14,team42,0.5726953924195242
team14,team43,0.5667479968002624
team14,team44,0.5631116163625364
team14,team45,0.5525474792523597
team14,team46,0.5168887195829115
team14,team47,0.5659203295095541
team14,team48,0.5819424556181876
team14,team49,0.5033354415722041
team14,team50,0.4922461242921433
team14,team51,0.5480161156915249
team14,team52,0.535506335735504
team14,team53,0.4769463279962857
team14,team54,0.6010541767805037
team14,team55,0.5046173295396454
team14,team56,0.5666474881881244
team14,team57,0.5084608864797612
team14,team58,0.5617776045620293
team14,team59,0.46433047417203055
team14,team60,0.5359553373862413
team14,team61,0.5084712489830079
team14,team62,0.5492033169848245
team14,team63,0.5267206423536926
team14,team64,0.5826326294321857
team14,team65,0.5183531226963092
team14,team66,0.45875394349026616
team14,team67,0.5785930322887531
team14,team68,0.5206964118336459
team15,team16,0.3842589436590764
team15,team17,0.4490319029814332
team15,team18,0.48056662803354266
team15,team19,0.4244732073089791
team15,team20,0.40491910253556473
team15,team21,0.4525972385703906
team15,team22,0.35959142926682236
team15,team23,0.42971303374321995
team15,team24,0.4756313354877609
team15,team25,0.40508999717059463
team15,team26,0.38802296349981685
team15,team27,0.4142814675038615
team15,team28,0.4991509239161675
team15,team29,0.37219869359113916
team15,team30,0.4234232774421978
team15,team31,0.37287107744161285
team15,team32,0.4720591353172755
team15,team33,0.4109567215038193
team15,team34,0.39912216860948513
team15,team35,0.46804737808675684
team15,team36,0.3951019539362217
team15,team37,0.4746724977739789
team15,team38,0.4204361271343625
team15,team39,0.4695463988210639
team15,team40,0.4461396039054838
team15,team41,0.40466472150417776
team15,team42,0.47497512132903075
team15,team43,0.4689288711310641
team15,team44,0.4652461424853253
team15,team45,0.4546075421842346
team15,team46,0.4193458090479239
team15,team47,0.46808971705136065
team15,team48,0.4844331348788736
team15,team49,0.40619971202547983
team15,team50,0.39554610077560776
team15,team51,0.450071477512499
team15,team52,0.437632688369603
team15,team53,0.38099662957348523
team15,team54,0.5042047452015941
team15,team55,0.40743715665774827
team15,team56,0.468826938090626
team15,team57,0.4111548606119888
team15,team58,0.4638977976105209
team15,team59,0.3691276654995866
team15,team60,0.4380770229225315
team15,team61,0.4111648988461659
team15,team62,0.45125833819864514
team15,team63,0.42896980042743726
team15,team64,0.4851418657682599
team15,team65,0.4207745542326986
team15,team66,0.3639177335909057
team15,team67,0.4809992151250772
team15,team68,0.42306419023028874
team16,team17,0.5663383048678133
team16,team18,0.5971820267933864
team16,team19,0.5416713526282021
team16,team20,0.5216114755883277
team16,team21,0.5698716837004595
team16,team22,0.4736175147032004
team16,team23,0.5469829311494091
team16,team24,0.592415001227581
team16,team25,0.5217884359932778
team16,team26,0.5039698207554472
team16,team27,0.53126319153307
team16,team28,0.6149371611185529
team16,team29,0.48718130038364615
team16,team30,0.5406038323397327
team16,team31,0.4878999728525863
team16,team32,0.5889508258083752
team16,team33,0.5278456842225827
team16,team34,0.5155913867914502
team16,team35,0.585046520879828
team16,team36,0.5113964688776427
team16,team37,0.5914862975047122
team16,team38,0.5375607419215472
team16,team39,0.5865071127050663
team16,team40,0.5634631413819613
team16,team41,0.5213480112465487
team16,team42,0.5917795004130658
team16,team43,0.585905665096564
team16,team44,0.5823115750067855
team16,team45,0.571858715471966
team16,team46,0.5364478274493754
team16,team47,0.5850878026805795
team16,team48,0.6009013775241796
team16,team49,0.5229368270948023
team16,team50,0.5118607229196757
team16,team51,0.5673697947251501
team16,team52,0.5549606699784423
team16,team53,0.496547471248552
team16,team54,0.6197127630986438
team16,team55,0.5242159458283839
team16,team56,0.5858063527839971
team16,team57,0.5280496589214392
team16,team58,0.5809925659802456
team16,team59,0.483892799290931
team16,team60,0.5554064790255209
team16,team61,0.5280599917628874
team16,team62,0.5685461834288289
team16,team63,0.546231142046255
team16,team64,0.6015816806099076
team16,team65,0.53790594558523
team16,team66,0.4782911029072545
team16,team67,0.5975988173872605
team16,team68,0.5402384820537293
team17,team18,0.5316601603262435
team17,team19,0.47505724000960736
team17,team20,0.45501519751519925
team17,team21,0.5036001276334479
team17,team22,0.4079238055698398
team17,team23,0.4804002750992808
team17,team24,0.5267322408942597
team17,team25,0.4551910623539021
team17,team26,0.43756574735131765
team17,team27,0.4646314768770136
team17,team28,0.5501276981981404
team17,team29,0.42111133398893663
team17,team30,0.47398523509102003
team17,team31,0.4218127102615585
team17,team32,0.5231591554730104
team17,team33,0.46122084241020317
team17,team34,0.4490422582969683
team17,team35,0.51914015902665
team17,team36,0.4448915109954467
team17,team37,0.5257736792048168
team17,team38,0.4709327275079246
team17,team39,0.520642658850429
team17,team40,0.49707558899746906
team17,team41,0.45475339506196916
team17,team42,0.5260762563245238
team17,team43,0.5200238098792417
team17,team44,0.5163299428962486
team17,team45,0.5056277196328769
team17,team46,0.4698176121580362
team17,team47,0.5191826089415187
team17,team48,0.5355139408567268
team17,team49,0.4563327475685659
team17,team50,0.4453504204678876
team17,team51,0.501050265230326
team17,team52,0.4884539780333795
team17,team53,0.43027304600584076
team17,team54,0.5551255868336759
team17,team55,0.45760522147504085
team17,team56,0.5199216436605674
team17,team57,0.46142423201637955
team17,team58,0.5149761225182771
team17,team59,0.4179053748605113
team17,team60,0.4889050530569666
team17,team61,0.4614345358088246
team17,team62,0.5022487815369765
team17,team63,0.47964310732045784
team17,team64,0.5362196781067808
team17,team65,0.47127874902843275
team17,team66,0.4124570912183709
team17,team67,0.5320916266133059
team17,team68,0.4736184909776261
team18,team19,0.4435753121322189
team18,team20,0.42378920280231375
team18,team21,0.47192716827235925
team18,team22,0.3776898535081639
team18,team23,0.4488670330215363
team18,team24,0.4950553409780547
team18,team25,0.4239623875421151
team18,team26,0.4066437283459944
team18,team27,0.4332702054696614
team18,team28,0.5185855225576954
team18,team29,0.39054468818731397
team18,team30,0.4425144623924508
team18,team31,0.3912295609424346
team18,team32,0.4914739892926556
team18,team33,0.42990492023936794
team18,team34,0.4179118392297581
team18,team35,0.4874495774549169
team18,team36,0.4138327099794164
team18,team37,0.49409424251411327
team18,team38,0.43949529094694467
team18,team39,0.48895362108534185
team18,team40,0.4654282323006673
team18,team41,0.4235314043057649
team18,team42,0.4943975950991299
team18,team43,0.48833406675136803
team18,team44,0.48463801345274543
team18,team45,0.4739489928052984
team18,team46,0.43839293356621156
team18,team47,0.48749206311047794
team18,team48,0.5038711912450272
team18,team49,0.4250868605630611
team18,team50,0.41428349190519453
team18,team51,0.4693860330547646
team18,team52,0.4568569013572796
team18,team53,0.3995003245637047
team18,team54,0.5236303935854844
team18,team55,0.4263405316115556
team18,team56,0.4882317934468821
team18,team57,0.43010552437586347
team18,team58,0.4832842593563614
team18,team59,0.3874156990180015
team18,team60,0.45730488241066247
team18,team61,0.43011568732907585
team18,team62,0.47058024284235034
team18,team63,0.4481167026507039
team18,team64,0.5045805281283465
team18,team65,0.4398374167212412
team18,team66,0.3821039839085115
team18,team67,0.500433226966586
team18,team68,0.44215160048933955
team19,team20,0.4798675996584296
team19,team21,0.5285326390286549
team19,team22,0.4322441236495037
team19,team23,0.5053535037856829
team19,team24,0.5515375449195291
team19,team25,0.4800446090890482
team19,team26,0.4622735040822734
team19,team27,0.4895373166281137
team19,team28,0.5746968772505826
team19,team29,0.44562612787557204
team19,team30,0.49892520543045105
team19,team31,0.4463368533171883
team19,team32,0.5479910267718047
team19,team33,0.4861098609402837
team19,team34,0.4738520794645696
team19,team35,0.5439988972457701
team19,team36,0.46966749586344114
team19,team37,0.5505863580560533
team19,team38,0.49586349132530977
team19,team39,0.5454917268306221
team19,team40,0.5220247751901507
team19,team41,0.4796040817416518
team19,team42,0.5508866268569431
team19,team43,0.5448769149334253
team19,team44,0.541205568492272
team19,team45,0.5305533244375492
team19,team46,0.49474454625223074
team19,team47,0.5440410800809204
team19,team48,0.5602432432037766
team19,team49,0.48119357308753213
team19,team50,0.47013031764662955
team19,team51,0.5259903017995438
team19,team52,0.5134121883096955
team19,team53,0.4549020718543944
team19,team54,0.5796303847147475
team19,team55,0.48247384986134007
team19,team56,0.5447754079111343
team19,team57,0.48631431931867114
team19,team58,0.5398593253696261
team19,team59,0.44237615719361306
team19,team60,0.5138631589320652
team19,team61,0.486324677033822
team19,team62,0.52718544211261
team19,team63,0.5045952002929333
team19,team64,0.5609422127494544
team19,team65,0.49621065045171947
team19,team66,0.4368482683831613
team19,team67,0.5568523558800585
team19,team68,0.4985574540274867
team20,team21,0.5485534769757243
team20,team22,0.45211524784587476
team20,team23,0.5254749214930796
team20,team24,0.5713737230448221
team20,team25,0.5001772943425694
team20,team26,0.4823522889185037
team20,team27,0.5096778711153609
team20,team28,0.594262260895293
team20,team29,0.4656079354693374
team20,team30,0.5190592554035277
team20,team31,0.4663237225751871
team20,team32,0.5678611641905393
team20,team33,0.5062492514906045
team20,team34,0.4939717863073824
team20,team35,0.5639048689828907
team20,team36,0.48977491976485343
team20,team37,0.5704318402628514
team20,team38,0.5160012218562082
team20,team39,0.5653845952434349
team20,team40,0.5420825359946717
team20,team41,0.4997360485495194
team20,team42,0.5707291874915428
team20,team43,0.5647752227972809
team20,team44,0.5611351061670808
team20,team45,0.5505613213258578
team20,team46,0.5148832454749278
team20,team47,0.5639466864251316
team20,team48,0.5799875945797436
team20,team49,0.5013279846273758
team20,team50,0.4902392395172781
team20,team51,0.5460263694725156
team20,team52,0.5335083969629254
team20,team53,0.4749434739548991
team20,team54,0.5991271221617103
team20,team55,0.5026099337953084
team20,team56,0.5646746080595547
team20,team57,0.5064538324445303
team20,team58,0.559799777062944
team20,team59,0.46233377021743993
team20,team60,0.5339576491353906
team20,team61,0.5064641961897866
team20,team62,0.5472144789674205
team20,team63,0.5247184535794626
team20,team64,0.5806786702456417
team20,team65,0.5163480394761465
team20,team66,0.4567607720085143
team20,team67,0.5766339034089635
team20,team68,0.5186920257778049
team21,team22,0.40445037141297463
team21,team23,0.4768066936848083
team21,team24,0.5231410215802672
team21,team25,0.4516221515710782
team21,team26,0.4340249369149146
team21,team27,0.46105118683964147
team21,team28,0.5465611814261249
team21,team29,0.41760481034498775
team21,team30,0.47039619780849623
team21,team31,0.41830456653035664
team21,team32,0.5195655530231514
team21,team33,0.4576443678418886
team21,team34,0.4454821368253719
team21,team35,0.5155443158428481
team21,team36,0.4413379370106476
team21,team37,0.5221817844324689
team21,team38,0.46734626818990616
team21,team39,0.5170475988684963
team21,team40,0.4934757361204206
team21,team41,0.45118507397543206
team21,team42,0.5224845719042374
team21,team43,0.5164284194312199
team21,team44,0.5127328095041044
team21,team45,0.5020277563329305
team21,team46,0.4662321614385219
team21,team47,0.5155867869921671
team21,team48,0.5319301429011807
team21,team49,0.4527623244370606
team21,team50,0.4417960982484681
team21,team51,0.4974500990312693
team21,team52,0.48485636831053736
team21,team53,0.42674647251297976
team21,team54,0.5515663944911895
team21,team55,0.4540331568960113
team21,team56,0.5163261997173246
team21,team57,0.45784752053854644
team21,team58,0.5113784488044512
team21,team59,0.4144064363244176
team21,team60,0.48530727292313747
team21,team61,0.4578578123607212
team21,team62,0.4986486101406569
team21,team63,0.4760500006208847
team21,team64,0.5326365731177167
team21,team65,0.467691984012275
team21,team66,0.4089717195318372
team21,team67,0.5285046720094629
team21,team68,0.47002974925817814
team22,team23,0.5730034575680668
team22,team24,0.617650098101977
team22,team25,0.5480604144235292
team22,team26,0.5303395957351987
team22,team27,0.5574561174483862
team22,team28,0.6396260781704034
team22,team29,0.5135821590359494
team22,team30,0.566700511279155
team22,team31,0.5143007189541203
team22,team32,0.6142607482701367
team22,team33,0.5540692840399402
team22,team34,0.5419049234816649
team22,team35,0.6104378316791669
team22,team36,0.5377335731873929
team22,team37,0.6167416950175977
team22,team38,0.5636907708309356
team22,team39,0.6118683417838419
team22,team40,0.5892479100797037
team22,team41,0.5476232083901507
team22,team42,0.6170285078199435
team22,team43,0.6112793342590114
team22,team44,0.6077580378160293
team22,team45,0.5975018204769305
team22,team46,0.562589572153533
team22,team47,0.6104782692596552
team22,team48,0.6259428091251585
team22,team49,0.5492002221707274
team22,team50,0.5381954005083012
team22,team51,0.5930904506262779
team22,team52,0.5808740858787702
team22,team53,0.5229383140089495
team22,team54,0.64427261196959
team22,team55,0.5504694560598243
team22,team56,0.6111820689517955
team22,team57,0.5542714963095132
team22,team58,0.6064650792623454
team22,team59,0.5102927801725442
team22,team60,0.5813135207130857
team22,team61,0.5542817396397763
team22,team62,0.5942469171846851
team22,team63,0.5722610821648159
team22,team64,0.6266069509416407
team22,team65,0.5640322881412844
team22,team66,0.5046843196930102
team22,team67,0.6227173632414654
team22,team68,0.5663392666341455
team23,team24,0.546235067345523
team23,team25,0.4747019158082841
team23,team26,0.45695477548983504
team23,team27,0.48418735563472687
team23,team28,0.569454470061237
team23,team29,0.4403420875510915
team23,team30,0.4935718495929386
team23,team31,0.44105109028414546
team23,team32,0.5426813858171978
team23,team33,0.4807620793519014
team23,team34,0.46851620446242864
team23,team35,0.5386818392202346
team23,team36,0.4643371565461627
team23,team37,0.5452819062139449
team23,team38,0.49051082808344765
team23,team39,0.5401773622453265
team23,team40,0.5166791379342264
team23,team41,0.4742618193252159
team23,team42,0.5455827940492718
team23,team43,0.5395614294811324
team23,team44,0.5358837276706343
team23,team45,0.525216318916508
team23,team46,0.4893922362681622
team23,team47,0.5387240968498567
team23,team48,0.5549606413782364
team23,team49,0.47584979509919023
team23,team50,0.46479932925999584
team23,team51,0.5206482899583175
team23,team52,0.508060999714096
team23,team53,0.44959724340772644
team23,team54,0.5744037546776138
team23,team55,0.47712892970828413
team23,team56,0.5394597389622022
team23,team57,0.4809663936239471
team23,team58,0.5345352991262469
team23,team59,0.43710026902425503
team23,team60,0.5085121821229494
team23,team61,0.48097674408637253
team23,team62,0.5218446551813427
team23,team63,0.49924162188156296
team23,team64,0.5556613479951223
team23,team65,0.49085788850439815
team23,team66,0.4315872813155441
team23,team67,0.5515616251354089
team23,team68,0.49320416017006213
team24,team25,0.42879996739209664
team24,team26,0.4114248368967621
team24,team27,0.438133211199009
team24,team28,0.5235215351506508
team24,team29,0.3952626036518848
team24,team30,0.44739931519697795
team24,team31,0.3959503747872771
team24,team32,0.49641804427915226
team24,team33,0.43475913029332863
team24,team34,0.4227310450054216
team24,team35,0.4923923480275852
team24,team36,0.4186387072712401
team24,team37,0.49903878925911954
team24,team38,0.44437338156000544
team24,team39,0.49389694669811196
team24,team40,0.4703526189648919
team24,team41,0.4283677234831802
team24,team42,0.4993421812295404
team24,team43,0.49327717457379616
team24,team44,0.4895795063208372
team24,team45,0.4788827711034457
team24,team46,0.44326846500016204
team24,team47,0.49243485059062564
team24,team48,0.5088151753164766
team24,team49,0.4299276948713452
team24,team50,0.4190909813676667
team24,team51,0.4743151398293713
team24,team52,0.4617689373681751
team24,team53,0.40425466613265587
team24,team54,0.5285617035253967
team24,team55,0.43118493507886746
team24,team56,0.4931748638564531
team24,team57,0.4349602713453608
team24,team58,0.48822502540036483
team24,team59,0.392120135049161
team24,team60,0.4622176360702931
team24,team61,0.43497046145710644
team24,team62,0.4755106519370432
team24,team63,0.4530131446611554
team24,team64,0.5095243242789048
team24,team65,0.44471629178794175
team24,team66,0.386784644829419
team24,team67,0.5053778399077651
team24,team68,0.4470356597023412
team25,team26,0.48217521765945476
team25,team27,0.5095006419788058
team25,team28,0.5940912564273496
team25,team29,0.4654314842554211
team25,team30,0.5188822162804072
team25,team31,0.46614723671967495
team25,team32,0.567687127331718
team25,team33,0.5060719840580225
team25,team34,0.49379451849369776
team25,team35,0.563730462897694
team25,team36,0.4895977008534694
team25,team37,0.5702580552165044
team25,team38,0.515824107080929
team25,team39,0.5652103246563626
team25,team40,0.5419064923087134
team25,team41,0.4995587542895461
team25,team42,0.5705554321769384
team25,team43,0.5646008960339644
team25,team44,0.5609604548036675
team25,team45,0.5503858336653497
team25,team46,0.5147061063532651
team25,team47,0.563772284126498
team25,team48,0.5798148277645649
team25,team49,0.5011506913685008
team25,team50,0.49006201396654564
team25,team51,0.5458505717320237
team25,team52,0.5333318946993972
team25,team53,0.47476662799726965
team25,team54,0.5989567843536066
team25,team55,0.5024326439553343
team25,team56,0.5645002720715303
team25,team57,0.5062765668292545
team25,team58,0.5596250113365305
team25,team59,0.46215748672551504
team25,team60,0.5337811683107919
team25,team61,0.5062869306681523
team25,team62,0.5470387596443389
team25,team63,0.5245415894452602
team25,team64,0.5805059820920603
team25,team65,0.5161709326138659
team25,team66,0.4565848089616059
team25,team67,0.5764607644818623
team25,team68,0.5185149768690595
team26,team27,0.5273069269483328
team26,team28,0.6111702393582487
team26,team29,0.4832148962655921
team26,team30,0.5366576469594094
team26,team31,0.48393323916064074
team26,team32,0.5851012084110454
team26,team33,0.523886425315891
team26,team34,0.5116244440163589
team26,team35,0.5811863404728286
team26,team36,0.5074279923492934
team26,team37,0.587643800123934
team26,team38,0.5336109680129256
team26,team39,0.5826508269876652
team26,team40,0.5595533354516877
team26,team41,0.5173840835409215
team26,team42,0.5879378396198506
team26,team43,0.5820477673718397
team26,team44,0.5784442847592469
team26,team45,0.5679664488443514
team26,team46,0.5324968147248481
team26,team47,0.5812277314179725
team26,team48,0.5970871137745465
team26,team49,0.5189739170264169
team26,team50,0.5078923886149329
team26,team51,0.5634678708848736
team26,team52,0.5510353896465312
team26,team53,0.49257805739132005
team26,team54,0.6159633832667146
team26,team55,0.5202539133478571
team26,team56,0.5819481899907615
team26,team57,0.5240905683092286
team26,team58,0.5771219320406642
team26,team59,0.4799281123382234
team26,team60,0.5514819528727644
team26,team61,0.5241009097112567
team26,team62,0.5646467283258324
team26,team63,0.5422923688542045
team26,team64,0.597769566492125
team26,team65,0.5339565639388792
team26,team66,0.4743301311131884
team26,team67,0.5937743280144657
team26,team68,0.536291850275238
team27,team28,0.584894171331806
team27,team29,0.4559886596385232
team27,team30,0.5093883110974057
team27,team31,0.45670229688675773
team27,team32,0.5583365435486153
team27,team33,0.4965705507304144
team27,team34,0.4842975795261468
team27,team35,0.55436148014253
team27,team36,0.4801049236784519
team27,team37,0.56092006900042
team27,team38,0.506327270048385
team27,team39,0.555848083151657
team27,team40,0.5324575407266098
team27,team41,0.49005827901819105
team27,team42,0.5612189357716917
team27,team43,0.5552358580833792
team27,team44,0.5515793042172065
team27,team45,0.5409636284763745
team27,team46,0.5052083751780818
team27,team47,0.5544034895791132
team27,team48,0.5705281094194622
team27,team49,0.49164968423684235
team27,team50,0.48056871058317224
team27,team51,0.5364133778598985
team27,team52,0.5238614779973135
team27,team53,0.46529926169922897
team27,team54,0.5897938220923302
team27,team55,0.49293134850290304
team27,team56,0.5551347751286283
team27,team57,0.4967751556423288
team27,team58,0.5502382042827911
team27,team59,0.45272483176563383
team27,team60,0.5243117370384319
team27,team61,0.4967855206875252
team27,team62,0.5376053407341375
team27,team63,0.5150549884023206
team27,team64,0.5712232429279647
team27,team65,0.5066743922958442
team27,team66,0.44717132841351614
team27,team67,0.5671552558924107
team27,team68,0.5090206819924415
team28,team29,0.37299264186051634
team28,team30,0.4242526533185979
team28,team31,0.37366560631241613
team28,team32,0.4729056402634206
team28,team33,0.41177911799853717
team28,team34,0.3999369619141155
team28,team35,0.46889307842169287
team28,team36,0.39591394773096744
team28,team37,0.4755194680447632
team28,team38,0.42126392691036824
team28,team39,0.47039241260108183
team28,team40,0.4469789810506695
team28,team41,0.4054831942164472
team28,team42,0.47582214248588484
team28,team43,0.469774757635453
team28,team44,0.46609121615681115
team28,team45,0.45544975010745536
team28,team46,0.42017301843176275
team28,team47,0.4689354264489014
team28,team48,0.4852814327948324
team28,team49,0.4070191668031663
team28,team50,0.3963584092557144
team28,team51,0.45091222966248795
team28,team52,0.43846873100027817
team28,team53,0.3817979317308273
team28,team54,0.5050537491148855
team28,team55,0.4082573914722218
team28,team56,0.46967280333693967
team28,team57,0.41197737629760645
team28,team58,0.4647425506351127
team28,team59,0.3699189228500478
team28,team60,0.43891325189662733
team28,team61,0.4119874205631958
team28,team62,0.4520994847585057
team28,team63,0.42980194191947146
team28,team64,0.4859902348808778
team28,team65,0.42160253561876515
team28,team66,0.36470427913258197
team28,team67,0.4818471197591086
team28,team68,0.42389337985030673
team29,team30,0.5533115398187589
team29,team31,0.5007191186291607
team29,team32,0.601307468577993
team29,team33,0.5406064067485234
team29,team34,0.5283873922428941
team29,team35,0.5974403083324324
team29,team36,0.5242010265843033
team29,team37,0.6038179929927259
team29,team38,0.5502826012969485
team29,team39,0.5988871848858551
team29,team40,0.576034420448508
team29,team41,0.5341293523627431
team29,team42,0.6041082690775641
team29,team43,0.5982914111312735
team29,team44,0.5947304638082903
team29,team45,0.584366563014886
team29,team46,0.5491746268181843
team29,team47,0.5974812054513214
team29,team48,0.6131347521226632
team29,team49,0.5357135247066372
team29,team50,0.5246644227149942
team29,team51,0.5799124469705191
team29,team52,0.5675888975067992
team29,team53,0.5093678292303176
team29,team54,0.6317229148226642
team29,team55,0.5369887177470933
team29,team56,0.5981930321782979
team29,team57,0.5408096644212146
team29,team58,0.5934232901172978
team29,team59,0.49670878071076485
team29,team60,0.5680319029957578
team29,team61,0.5408199608269525
team29,team62,0.5810799121476057
team29,team63,0.5589101954865501
team29,team64,0.6138076041923362
team29,team65,0.5506262470294813
team29,team66,0.4910998956454716
team29,team67,0.6098676995167007
team29,team68,0.5529479384215096
team30,team31,0.4473995125632242
team30,team32,0.5490557000721921
team30,team33,0.4871838901806589
team30,team34,0.4749240551325092
team30,team35,0.5450651673286768
team30,team36,0.47073847458836565
team30,team37,0.5516499198128317
team30,team38,0.4969382314456275
team30,team39,0.5465574158384131
team30,team40,0.523097382704677
team30,team41,0.480677181976594
team30,team42,0.551950056277311
team30,team43,0.5459428455725363
team30,team44,0.5422728744185243
team30,team45,0.5316239650668219
team30,team46,0.4958192463612777
team30,team47,0.5451073340073322
team30,team48,0.561302160731773
team30,team49,0.4822669338999921
team30,team50,0.4712014140431839
team30,team51,0.5270620725358922
team30,team52,0.5144861475878585
team30,team53,0.4559683293860618
team30,team54,0.5806775597073492
team30,team55,0.48354740476001934
team30,team56,0.5458413781317801
team30,team57,0.48738837185557093
team30,team58,0.5409271065741853
team30,team59,0.4434369391034685
team30,team60,0.5149370632497805
team30,team61,0.4873987307413397
team30,team62,0.528256934151222
team30,team63,0.5056698828506281
team30,team64,0.5620007630299773
team30,team65,0.4972854007974905
team30,team66,0.43790620445289397
team30,team67,0.5579129954471413
team30,team68,0.49963224631631475
team31,team32,0.6006176707784266
team31,team33,0.539891947630259
team31,team34,0.5276705330680006
team31,team35,0.5967483067602315
team31,team36,0.5234835427299439
team31,team37,0.6031296719580325
team31,team38,0.5495706523994645
team31,team39,0.5981959977613651
team31,team40,0.5753317777132674
team31,team41,0.5334135140121748
team31,team42,0.6034201211325334
team31,team43,0.5975998871855744
team31,team44,0.5940369692908017
team31,team45,0.5836677487301222
team31,team46,0.5484623631690143
team31,team47,0.5967892267345959
team31,team48,0.6124522287358722
team31,team49,0.534998001388691
team31,team50,0.5239470030438823
team31,team51,0.5792115363896715
team31,team52,0.5668827820770608
team31,team53,0.5086489436583781
team31,team54,0.6310534520329656
team31,team55,0.5362734585088702
team31,team56,0.5975014528105733
team31,team57,0.5400952524919392
team31,team58,0.5927290905500535
team31,team59,0.49598970004754855
team31,team60,0.567325959520643
team31,team61,0.5401055512944525
team31,team62,0.5803795399804801
team31,team63,0.5582009392204919
team31,team64,0.6131255188616949
team31,team65,0.5499143971898746
team31,team66,0.4903810232709969
team31,team67,0.6091830861970977
team31,team68,0.5522367756306514
team32,team33,0.43828339582434434
team32,team34,0.42623133173597155
team32,team35,0.495973864895318
team32,team36,0.42212988745085184
team32,team37,0.5026207810735143
team32,team38,0.4479138241644901
team32,team39,0.49747868194616823
team32,team40,0.47392349784593407
team32,team41,0.43187976505193876
team32,team42,0.5029241645109627
team32,team43,0.4968588277260872
team32,team44,0.4931604408750723
team32,team45,0.48245941967763234
team32,team46,0.4468071835047431
team32,team47,0.49601637451785874
team32,team48,0.5123955654492625
team32,team49,0.4334428282848651
team32,team50,0.42258319164656905
team32,team51,0.4778889585072464
team32,team52,0.4653319030185492
team32,team53,0.4077100164065048
team32,team54,0.5321305105728509
team32,team55,0.43470250942889493
team32,team56,0.4967565023978051
team32,team57,0.43848490251787975
team32,team58,0.4918055986458044
team32,team59,0.39554062963460884
team32,team60,0.46578106774794137
team32,team61,0.43849511112264056
team32,team62,0.47908526911716387
team32,team63,0.45656585967867286
team32,team64,0.5131044917237085
team32,team65,0.44825726233570623
team32,team66,0.3901884720250871
team32,team67,0.5089591053050218
team32,team68,0.450580112465127
team33,team34,0.48772438459604056
team33,team35,0.5577478656879511
team33,team36,0.48352987797800695
team33,team37,0.5642957869787874
team33,team38,0.5097558725452417
team33,team39,0.5592321539175431
team33,team40,0.535871018570191
team33,team41,0.4934868400327182
team33,team42,0.5645941395973665
team33,team43,0.5586208894671684
team33,team44,0.554969859319386
team33,team45,0.5443681459207559
team33,team46,0.5086372073413677
team33,team47,0.5577898105424934
team33,team48,0.5738860746290314
team33,team49,0.4950785697667467
team33,team50,0.4839938933532407
team33,team51,0.5398229351222595
team33,team52,0.5272819971349921
team33,team53,0.46871381819293206
team33,team54,0.5931085826836284
team33,team55,0.4963604448581951
team33,team56,0.5585199641308448
team33,team57,0.500204613963578
team33,team58,0.5536306935581137
team33,team59,0.4561258281449301
team33,team60,0.5277319376104472
team33,team61,0.5002149794367525
team33,team62,0.5410136326114077
team33,team63,0.5184806210304711
team33,team64,0.5745798257691648
team33,team65,0.510102916563008
team33,team66,0.45056495245034894
team33,team67,0.5705197408131196
team33,team68,0.5124485908250346
team34,team35,0.5698254865705384
team34,team36,0.49580209844017986
team34,team37,0.5763304210293307
team34,team38,0.5220209390967336
team34,team39,0.5713003960721241
team34,team40,0.548061979750789
team34,team41,0.5057642989297265
team34,team42,0.5766267156519271
team34,team43,0.5706930199634456
team34,team44,0.5670644573307064
team34,team45,0.5565206263257225
team34,team46,0.5209039572068769
team34,team47,0.5698671693328937
team34,team48,0.5858502264293954
team34,team49,0.5073559627710282
team34,team50,0.49626657451161954
team34,team51,0.5519968756201943
team34,team52,0.5395046915320367
team34,team53,0.480960184088267
team34,team54,0.6049045889299312
team34,team55,0.5086376038979923
team34,team56,0.5705927331309156
team34,team57,0.5124801039793175
team34,team58,0.5657332071952542
team34,team59,0.46833322286599083
team34,team60,0.5399531485562356
team34,team61,0.5124904629911406
team34,team62,0.5531821460697887
team34,team63,0.5307283521760862
team34,team64,0.586538532477866
team34,team65,0.522367435972438
team34,team66,0.4627501482150348
team34,team67,0.5825096506384014
team34,team68,0.5247091026305595
team35,team36,0.42606330132359516
team35,team37,0.5066466356471367
team35,team38,0.4518996115125552
team35,team39,0.501504878155929
team35,team40,0.4779403690067513
team35,team41,0.4358355088174473
team35,team42,0.5069499723252854
team35,team43,0.5008850076007689
team35,team44,0.4971862660527103
team35,team45,0.48648173610277984
team35,team46,0.45079116406368575
team35,team47,0.5000425123498975
team35,team48,0.5164184230281391
team35,team49,0.4374018661611904
team35,team50,0.4265177118179123
team35,team51,0.4819086514969024
team35,team52,0.4693409207371315
team35,team53,0.41160477076295476
team35,team54,0.5361379462018471
team35,team55,0.4386641446020722
team35,team56,0.5007826783857225
team35,team57,0.44245402841829445
team35,team58,0.4958311836040104
team35,team59,0.39939752419701374
team35,team60,0.4697905550263239
team35,team61,0.44246425661500466
team35,team62,0.48310571385242035
team35,team63,0.46056441010607824
team35,team64,0.5171270123125986
team35,team65,0.4522436023680545
team35,team66,0.39402719802428543
team35,team67,0.5129833671399752
team35,team68,0.45457009060561965
team36,team37,0.5804252407237834
team36,team38,0.5262091493796314
team36,team39,0.5754080155229376
team36,team40,0.5522177396188667
team36,team41,0.5099612363231754
team36,team42,0.5807207549757415
team36,team43,0.5748021277058128
team36,team44,0.5711821991952055
team36,team45,0.5606609562642921
team36,team46,0.525093050829374
team36,team47,0.5739782809054241
team36,team48,0.5899185047819246
team36,team49,0.5115524373919148
team36,team50,0.500464505191368
team36,team51,0.5561457556996798
team36,team52,0.5436736223156964
team36,team53,0.485153339035596
team36,team54,0.6089106425903567
team36,team55,0.5128336440757842
team36,team56,0.5747020854250019
team36,team57,0.5166745112120295
team36,team58,0.5698540062687656
team36,team59,0.47251651046357585
team36,team60,0.5441214500262636
team36,team61,0.516684865151831
team36,team62,0.5573288521817412
team36,team63,0.5349082418374808
team36,team64,0.5906047743408439
team36,team65,0.5265553637312592
team36,team66,0.46692736334188584
team36,team67,0.5865875877307605
team36,team68,0.5288950154888978
team37,team38,0.4453228982022496
team37,team39,0.4948580367813778
team37,team40,0.4713105594100854
team37,team41,0.4293094650006615
team37,team42,0.5003033927377647
team37,team43,0.494238236383412
team37,team44,0.4905403380588314
team37,team45,0.47984234519537106
team37,team46,0.44421750824956124
team37,team47,0.4933958692383997
team37,team48,0.5097760547178788
team37,team49,0.43087028089004853
team37,team50,0.42002731400777826
team37,team51,0.47527390876355996
team37,team52,0.46272466891748065
team37,team53,0.40518097154537136
team37,team54,0.529519672555618
team37,team55,0.432128188084117
team37,team56,0.49413592071464735
team37,team57,0.4359054541206292
team37,team58,0.48918574654832486
team37,team59,0.39303697954651606
team37,team60,0.4631734971261493
team37,team61,0.4359156492926416
team37,team62,0.47646964711407264
team37,team63,0.4539660390410623
team37,team64,0.5104851510584691
team37,team65,0.44566595343729604
team37,team66,0.38769697059372543
team37,team67,0.5063389195791228
team37,team68,0.44798627839126137
team38,team39,0.5495909080474389
team38,team40,0.5261517535723375
team38,team41,0.4837351014754813
team38,team42,0.5549768465720167
team38,team43,0.5489770564299278
team38,team44,0.5453111845103864
team38,team45,0.5346723050011577
team38,team46,0.4988809576184421
team38,team47,0.5481425070584894
team38,team48,0.5643156428950833
team38,team49,0.48532551547657277
team38,team50,0.4742541020600426
team38,team51,0.530113860417044
team38,team52,0.5175448034673358
team38,team53,0.4590079926258757
team38,team54,0.5836566701124855
team38,team55,0.48660647457051626
team38,team56,0.5488757067519606
team38,team57,0.49044866515330576
team38,team58,0.5439668373092199
team38,team59,0.44646161990846817
team38,team60,0.5179955397842841
team38,team61,0.49045902684992154
team38,team62,0.5313078681554113
team38,team63,0.5087310451258015
team38,team64,0.5650131652710775
team38,team65,0.5003471808942036
team38,team66,0.4409230469149318
team38,team67,0.5609315474025712
team38,team68,0.5026940270043335
team39,team40,0.4764386195247669
team39,team41,0.43435598493793254
team39,team42,0.5054453219768307
team39,team43,0.4993801261425771
team39,team44,0.4956814610412016
team39,team45,0.48497808033093076
team39,team46,0.44930130353133585
team39,team47,0.4985376338197438
team39,team48,0.514915018937025
team39,team49,0.43592113357937695
team39,team50,0.4250459878873731
team39,team51,0.4804059071592509
team39,team52,0.4678419774315654
team39,team53,0.41014770267283934
team39,team54,0.5346406035142033
team39,team55,0.4371824594331578
team39,team56,0.49927779682724716
team39,team57,0.4409695983169095
team39,team58,0.4943264478215781
team39,team59,0.3979544425727081
team39,team60,0.46829144294895303
team39,team61,0.4409798193392715
team39,team62,0.4816027066160258
team39,team63,0.45906924821607664
team39,team64,0.5156237449064434
team39,team65,0.45075288129308116
team39,team66,0.39259083666979605
team39,team67,0.5114793861387376
team39,team68,0.45307804400523094
team40,team41,0.45765539396743127
team40,team42,0.5289918239288636
team40,team43,0.5229428469466193
team40,team44,0.5192506765987541
team40,team45,0.5085515676766358
team40,team46,0.4727323959831706
team40,team47,0.5221020604333002
team40,team48,0.5384223900673631
team40,team49,0.4592363363297057
team40,team50,0.44824174390137617
team40,team51,0.5039746274020601
team40,team52,0.49137722443302334
team40,team53,0.4331429256316449
team40,team54,0.558012589027848
team40,team55,0.4605100486593237
team40,team56,0.5228407319435365
team40,team57,0.46433254823819375
team40,team58,0.5178973981588498
team40,team59,0.42075368454063
team40,team60,0.4918284035109747
team40,team61,0.4643428609819774
team40,team62,0.5051730564599507
team40,team63,0.4825633661777648
team40,team64,0.5391275113735426
team40,team65,0.4741944901287966
team40,team66,0.41529476017730255
team40,team67,0.5350028976532343
team40,team68,0.47653566084987553
team41,team42,0.5709878378339057
team41,team43,0.5650347265191696
team41,team44,0.5613950947606716
team41,team45,0.5508225597188647
team41,team46,0.5151469589088692
team41,team47,0.5642063029689262
team41,team48,0.5802447692498115
team41,team49,0.5015919338458158
team41,team50,0.49050309309769274
team41,team51,0.5462880715584204
team41,team52,0.5337711536453771
team41,team53,0.4752067695047914
team41,team54,0.599380672531308
team41,team55,0.5028738773265807
team41,team56,0.5649341255594765
team41,team57,0.5067177381203853
team41,team58,0.5600599365121213
team41,team59,0.46259623418658535
team41,team60,0.5342203736936616
team41,team61,0.5067281017214044
team41,team62,0.5474760637683665
team41,team63,0.5249817530589822
team41,team64,0.5809357275092586
team41,team65,0.5166117042027165
team41,team66,0.457022761452311
team41,team67,0.5768916335174046
team41,team68,0.518955603136628
team42,team43,0.4939348860547978
team42,team44,0.490237057399364
team42,team45,0.4795394529787365
team42,team46,0.4439179120454713
team42,team47,0.4930925318610996
team42,team48,0.5094727743645029
team42,team49,0.4305727126725582
team42,team50,0.4197317115103777
team42,team51,0.47497126705963216
team42,team52,0.46242297602370475
team42,team53,0.4048885232489552
team42,team54,0.5292173265057009
team42,team55,0.4318304102886269
team42,team56,0.4938325718672386
team42,team57,0.43560707007609845
team42,team58,0.48888249971512016
team42,team59,0.39274750895585764
team42,team60,0.4628717637077086
team42,team61,0.4356172636586409
team42,team62,0.4761669349474204
team42,team63,0.4536652348170925
team42,team64,0.5101818878798796
team42,team65,0.4453661631575152
team42,team66,0.3874089226342827
team42,team67,0.5060355732713857
team42,team68,0.44768618782381925
team43,team44,0.49630129529364314
team43,team45,0.485597417738524
team43,team46,0.4499148813294209
team43,team47,0.4991575046223372
team43,team48,0.5155343183086177
team43,team49,0.43653092326320536
team43,team50,0.4256520443162279
team43,team51,0.48102485913860754
team43,team52,0.4684593363730423
team43,team53,0.4107476921549204
team43,team54,0.535257449066379
team43,team55,0.4377926441338071
team43,team56,0.49989767050142875
team43,team57,0.44158092163022195
team43,team58,0.49494625058514513
team43,team59,0.3985486470573162
team43,team60,0.46890887238392037
team43,team61,0.4415911456292801
team43,team62,0.48222176950159984
team43,team63,0.45968503060352844
team43,team64,0.5162429895266286
team43,team65,0.4513668166494714
team43,team66,0.39318226277087115
team43,team67,0.512098915623691
team43,team68,0.453692530323108
team44,team45,0.48929384113806
team44,team46,0.45357918820232507
team44,team47,0.502856244930549
team44,team48,0.5192286037544883
team44,team49,0.44017345003200214
team44,team50,0.42927295177791897
team44,team51,0.4847192740291355
team44,team52,0.47214504288666853
team44,team53,0.41433327637501544
team44,team54,0.5389358437631218
team44,team55,0.4414374509996673
team44,team56,0.5035963806525131
team44,team57,0.44523229062286634
team44,team58,0.49864485396817243
team44,team59,0.40210040894305116
team44,team60,0.47259497111680904
team44,team61,0.4452425317560686
team44,team62,0.4859167699565267
team44,team63,0.46336188240689
team44,team64,0.5199369031541756
team44,team65,0.45503316685887213
team44,team66,0.39671774546235844
team44,team67,0.5157947930421186
team44,team68,0.45736202329863523
team45,team46,0.4642142065407606
team45,team47,0.5135607450740477
team45,team48,0.5299101328798439
team45,team49,0.4507534367270298
team45,team50,0.4397967634614409
team45,team51,0.49542243737291425
team45,team52,0.4828307208866889
team45,team53,0.42476341883868146
team45,team54,0.5495593666771809
team45,team55,0.45202328811536524
team45,team56,0.5143003370667678
team45,team57,0.45583486425796094
team45,team58,0.509351555534871
team45,team59,0.4124394690269902
team45,team60,0.48328150898429956
team45,team61,0.45584514887790123
team45,team62,0.4966208908466737
team45,team63,0.47402728972202185
team45,team64,0.530616921575981
team45,team65,0.46567322305024267
team45,team66,0.4070126188220744
team45,team67,0.5264830386111171
team45,team68,0.4680097694132211
team46,team47,0.5492509361576776
team46,team48,0.5654158528558592
team46,team49,0.48644366740391115
team46,team50,0.4753703060416864
team46,team51,0.5312286933348684
team46,team52,0.5186623802265832
team46,team53,0.46011971748708796
team46,team54,0.5847439791418009
team46,team55,0.4877247810319473
team46,team56,0.5499838138771962
team46,team57,0.4915673470103281
team46,team58,0.5450770083995128
team46,team59,0.44756809714885826
team46,team60,0.5191130425894895
team46,team61,0.4915777095406091
team46,team62,0.5324223668883467
team46,team63,0.5098497025648481
team46,team64,0.5661129681211416
team46,team65,0.5014662209971946
team46,team66,0.44202675894207105
team46,team67,0.5620336707247663
team46,team68,0.503813023404941
team47,team48,0.5163759563989779
team47,team49,0.43736002059978424
team47,team50,0.4264761181944281
team47,team51,0.48186619493425886
team47,team52,0.46929856845092865
team47,team53,0.41156358774991025
team47,team54,0.536095655668274
team47,team55,0.4386222724295689
team47,team56,0.5007401661343366
team47,team57,0.442412079604086
team47,team58,0.49578867423954165
team47,team59,0.3993567335907866
team47,team60,0.46974819808289686
team47,team61,0.4424223076005637
team47,team62,0.4830632501594884
team47,team63,0.46052216249449524
team47,team64,0.5170845497203956
team47,team65,0.45220147818740697
team47,team66,0.3939865961007373
team47,team67,0.5129408833611384
team47,team68,0.45452792954241833
team48,team49,0.42130695422363135
team48,team50,0.41053105279225405
team48,team51,0.4655311817558958
team48,team52,0.45301709754497466
team48,team53,0.395791304334653
team48,team54,0.5197664350982903
team48,team55,0.4225576710525845
team48,team56,0.4843634516174287
team48,team57,0.426314083363665
team48,team58,0.47941839543976705
team48,team59,0.3837471761384636
team48,team60,0.4534644569235788
team48,team61,0.42632422374751844
team48,team62,0.4667242106502115
team48,team63,0.4442902686409447
team48,team64,0.5007093871990194
team48,team65,0.43602582404005974
team48,team66,0.37845468483080336
team48,team67,0.49656201265810346
team48,team68,0.4383356462528431
team49,team50,0.4889118297955547
team49,team51,0.5447093157919778
team49,team52,0.5321861412930993
team49,team53,0.4736190006049231
team49,team54,0.5978506615024763
team49,team55,0.5012819669408759
team49,team56,0.5633683934879476
team49,team57,0.5051260235493448
team49,team58,0.5584903720624379
team49,team59,0.461013586018927
team49,team60,0.5326355513395776
team49,team61,0.5051363879326827
team49,team62,0.5458980055786177
team49,team63,0.5233935405919355
team49,team64,0.5793847067389325
team49,team65,0.5150213593003143
team49,team66,0.4554430214115682
team49,team67,0.5753365863910512
team49,team68,0.5173657654127594
team50,team51,0.5556870597812736
team50,team52,0.5432126236773731
team50,team53,0.48468925619728703
team50,team54,0.6084680868096451
team50,team55,0.5123694338357578
team50,team56,0.5742478856935987
team50,team57,0.5162105082479507
team50,team58,0.56939850832327
team50,team59,0.47205343236072955
team50,team60,0.5436605240622391
team50,team61,0.5162208628206078
team50,team62,0.5568704047233932
team50,team63,0.534445970819986
team50,team64,0.5901554464178848
team50,team65,0.5260921459372587
team50,team66,0.46646491886937125
team50,team67,0.5861369403826707
team50,team68,0.5284320367436057
team51,team52,0.4874043237631522
team51,team53,0.42924350727550753
team51,team54,0.5540878475888421
team51,team55,0.45656269256153736
team51,team56,0.5188729579465678
team51,team57,0.4603803875068324
team51,team58,0.5139267334967877
team51,team59,0.41688377512963054
team51,team60,0.48785535389525114
team51,team61,0.4603906879154393
team51,team62,0.5011985276294625
team51,team63,0.4785946726854179
team51,team64,0.535174765106501
team51,team65,0.47023207558768215
team51,team66,0.41143939619522596
team51,team67,0.5310455469087956
team51,team68,0.4725712656828828
team52,team53,0.44163110403105504
team52,team54,0.5665022989384615
team52,team55,0.4690907241868985
team52,team56,0.531438740007587
team52,team57,0.4729220122012103
team52,team58,0.526503812895881
team52,team59,0.42918289622981814
team52,team60,0.5004513062774387
team52,team61,0.4729323472872246
team52,team62,0.5137933709527236
team52,team63,0.4911808378237023
team52,team64,0.5476859323430175
team52,team65,0.48280195839860973
team52,team66,0.42369460364649886
team52,team67,0.5435730679553725
team52,team68,0.4851464152484927
team53,team54,0.622962005280544
team53,team55,0.5276592246437174
team53,team56,0.5891532353438212
team53,team57,0.5314899894266825
team53,team58,0.584350747016648
team53,team59,0.48734251248181654
team53,team60,0.5588140050736813
team53,team61,0.5315003137737754
team53,team62,0.5719306204483908
team53,team63,0.5496519701305193
team53,team64,0.6048870680458484
team53,team65,0.5413368351042105
team53,team66,0.4817381567148873
team53,team67,0.6009153273247022
team53,team68,0.5436667452793286
team54,team55,0.4033828262978163
team54,team56,0.46464073172262454
team54,team57,0.4070889509688753
team54,team58,0.45971751202622213
team54,team59,0.3652195907512404
team54,team60,0.4339410768582453
team54,team61,0.4070989585641068
team54,team62,0.44709696211789224
team54,team63,0.4248548278238374
team54,team64,0.4809418831648007
team54,team65,0.4166808310947727
team54,team66,0.36003333918750025
team54,team67,0.4768018834345845
team54,team68,0.4189643037535267
team55,team56,0.5621066077627196
team55,team57,0.5038441576543476
team55,team58,0.5572255688375473
team55,team59,0.459739667809946
team55,team60,0.5313588323241168
team55,team61,0.5038545225149889
team55,team62,0.5446265418916957
team55,team63,0.5221142264511673
team55,team64,0.5781345463621508
team55,team65,0.5137404507526149
team55,team66,0.454171525465691
team55,team67,0.57408323899464
team55,team68,0.5160852308512136
team56,team57,0.44168185662651605
team56,team58,0.4950485698412347
team56,team59,0.3986467677753193
team56,team60,0.4690108075091319
team56,team61,0.4416920811140729
team56,team62,0.4823239703725935
team56,team63,0.45978669651654536
team56,team64,0.516345210353286
team56,team65,0.45146818005242334
team56,team66,0.39327992620934493
team56,team67,0.512201184698288
team56,team68,0.45379398401064525
team57,team58,0.553428424800787
team57,team59,0.4559227969528455
team57,team60,0.5275279484588097
team57,team61,0.5000103654749986
team57,team62,0.5408103885647384
team57,team63,0.5182762835061439
team57,team64,0.57437975196759
team57,team65,0.5098983844471043
team57,team66,0.4503623468462749
team57,team67,0.5703191854826941
team57,team68,0.5122441016119802
team58,team59,0.40340429424487895
team58,team60,0.4739462468306565
team58,team61,0.44658182233991356
team58,team62,0.4872709442607265
team58,team63,0.4647100198487062
team58,team64,0.5212897484101143
team58,team65,0.4563776801028166
team58,team66,0.39801579562211037
team58,team67,0.5171484708732391
team58,team68,0.45870762572379026
team59,team60,0.5712593002006832
team59,team61,0.5440874879511848
team59,team62,0.5842811691199319
team59,team63,0.5621532121326211
team59,team64,0.6169236411012339
team59,team65,0.5538815548915528
team59,team66,0.4943904576714729
team59,team67,0.6129954827309455
team59,team68,0.5561999833378563
team60,team61,0.4724823856086558
team60,team62,0.5133423969028301
team60,team63,0.4907296791350837
team60,team64,0.547238692553746
team60,team65,0.4823512000517536
team60,team66,0.4232538690271514
team60,team67,0.5431251538678808
team60,team68,0.4846955193463801
team61,team62,0.5408000921266067
team61,team63,0.5182659318725104
team61,team64,0.5743696158429712
team61,team65,0.509888023030208
team61,team66,0.4503520835502339
team61,team67,0.5703090249983712
team61,team68,0.5122337423476088
team62,team63,0.47739846441434525
team62,team64,0.5339819679144433
team62,team65,0.46903796657228786
team62,team66,0.41027896136632025
team62,team67,0.5298514622450889
team62,team68,0.47137650193990344
team63,team64,0.5564102012852881
team63,team65,0.49161603411274685
team63,team66,0.4323316161577459
team63,team67,0.5523118210137211
team63,team68,0.4939624138220608
team64,team65,0.4353281767071616
team64,team66,0.37778744761219185
team64,team67,0.4958526659182228
team64,team68,0.437637171028035
team65,team66,0.4405807408692984
team65,team67,0.5605894934141639
team65,team68,0.5023468548903214
team66,team67,0.6183050729845926
team66,team68,0.5617316804899459
team67,team68,0.4417242154339393
